{"raydium": {"name": "Raydium", "tvl": 965566086, "vol24h": 193250329, "vol7d": 1738792685}, "meteora": {"name": "Meteora", "tvl": 401257166, "vol24h": 97206413, "vol7d": 1098016000}, "orca": {"name": "Orca", "tvl": 250579676, "vol24h": 173597877, "vol7d": 2117900227}, "pumpswap": {"name": "PumpSwap", "tvl": 187767301.03919, "vol24h": 682571731, "vol7d": 3569859505}, "byreal": {"name": "Byreal", "tvl": 12776264.55888094, "vol24h": 7025865.795459496, "vol7d": 52202890.754931055}}