{"raydium": {"name": "Raydium", "tvl": 1063191772, "vol24h": 150793200, "vol7d": 1348291762}, "meteora": {"name": "Meteora", "tvl": 460710829, "vol24h": 121419683, "vol7d": 1043120665}, "orca": {"name": "Orca", "tvl": 265398925, "vol24h": 179497345, "vol7d": 1884114139}, "pumpswap": {"name": "PumpSwap", "tvl": 185819959.73033, "vol24h": 441278002, "vol7d": 4836028593}, "byreal": {"name": "Byreal", "tvl": 15269396.80674497, "vol24h": 6140218.863799279, "vol7d": 139624553.56030902}}