{"raydium": {"name": "Raydium", "tvl": 1063191772, "vol24h": 150793200, "vol7d": 1348291762}, "meteora": {"name": "Meteora", "tvl": 460710829, "vol24h": 121419683, "vol7d": 1043120665}, "orca": {"name": "Orca", "tvl": 265398925, "vol24h": 179497345, "vol7d": 1884114139}, "pumpswap": {"name": "PumpSwap", "tvl": 185819959.73033, "vol24h": 441278002, "vol7d": 4836028593}, "byreal": {"name": "Byreal", "tvl": 15253328.177124007, "vol24h": 6126910.830305612, "vol7d": 139644112.99956354}}