{"raydium": {"name": "Raydium", "tvl": 1033803652, "vol24h": 131956782, "vol7d": 2283363146}, "meteora": {"name": "Meteora", "tvl": 415799527, "vol24h": 139006482, "vol7d": 1083485533}, "orca": {"name": "Orca", "tvl": 262741443, "vol24h": 109522875, "vol7d": 1622898560}, "pumpswap": {"name": "PumpSwap", "tvl": 182495365.49133, "vol24h": 431921624, "vol7d": 2766184023}, "byreal": {"name": "Byreal", "tvl": 14241231.30543075, "vol24h": 5724665.487421508, "vol7d": 45293209.761535324}}