{"raydium": {"name": "Raydium", "tvl": 981290394, "vol24h": 159868620, "vol7d": 1784256411}, "meteora": {"name": "Meteora", "tvl": 403251898, "vol24h": 70815918, "vol7d": 1178569919}, "orca": {"name": "Orca", "tvl": 252227877, "vol24h": 92118371, "vol7d": 2290797480}, "pumpswap": {"name": "PumpSwap", "tvl": 186955202.22368, "vol24h": 766840979, "vol7d": 3243412069}, "byreal": {"name": "Byreal", "tvl": 13480370.98341277, "vol24h": 4782201.068576163, "vol7d": 54400211.18422625}}