{"raydium": {"name": "Raydium", "tvl": 1032225764, "vol24h": 289881952, "vol7d": 1548164841}, "meteora": {"name": "Meteora", "tvl": 422129289, "vol24h": 156914841, "vol7d": 1136669313}, "orca": {"name": "Orca", "tvl": 258006785, "vol24h": 322764764, "vol7d": 1788291007}, "pumpswap": {"name": "PumpSwap", "tvl": 187356059.42809, "vol24h": 328644535, "vol7d": 2473977025}, "byreal": {"name": "Byreal", "tvl": 13839127.36426276, "vol24h": 7563374.0503808595, "vol7d": 61337350.62001564}}