{"raydium": {"name": "Raydium", "tvl": 992643000, "vol24h": 238714055, "vol7d": 1798768458}, "meteora": {"name": "Meteora", "tvl": 419946641, "vol24h": 178161872, "vol7d": 1131658201}, "orca": {"name": "Orca", "tvl": 261590636, "vol24h": 346495130, "vol7d": 2202920696}, "pumpswap": {"name": "PumpSwap", "tvl": 182552673.3716, "vol24h": 486563137, "vol7d": 2727514990}, "byreal": {"name": "Byreal", "tvl": 13372119.517547525, "vol24h": 9240909.347663747, "vol7d": 79479687.67891906}}