{"raydium": {"name": "Raydium", "tvl": 1034145056, "vol24h": 167310547, "vol7d": 1453593079}, "meteora": {"name": "Meteora", "tvl": 453067742, "vol24h": 153350739, "vol7d": 1152435251}, "orca": {"name": "Orca", "tvl": 263616833, "vol24h": 259723458, "vol7d": 2223813412}, "pumpswap": {"name": "PumpSwap", "tvl": 179276044.71444, "vol24h": 605801116, "vol7d": 5079253462}, "byreal": {"name": "Byreal", "tvl": 15209336.62676991, "vol24h": 7971667.3913404355, "vol7d": 144858004.6668423}}