{"raydium": {"name": "Raydium", "tvl": 1022380348, "vol24h": 167310547, "vol7d": 1453593079}, "meteora": {"name": "Meteora", "tvl": 452357287, "vol24h": 153350739, "vol7d": 1152435251}, "orca": {"name": "Orca", "tvl": 263758160, "vol24h": 259723458, "vol7d": 2223813412}, "pumpswap": {"name": "PumpSwap", "tvl": 176579500.87373, "vol24h": 605801116, "vol7d": 5079253462}, "byreal": {"name": "Byreal", "tvl": 15034323.9768313, "vol24h": 7845097.786079973, "vol7d": 144930091.27779883}}