{"raydium": {"name": "Raydium", "tvl": 1051682276, "vol24h": 293288445, "vol7d": 1854188725}, "meteora": {"name": "Meteora", "tvl": 423012061, "vol24h": 210987896, "vol7d": 1158067218}, "orca": {"name": "Orca", "tvl": 258993563, "vol24h": 415491351, "vol7d": 2321182809}, "pumpswap": {"name": "PumpSwap", "tvl": 192560935.01332, "vol24h": 469838997, "vol7d": 2674722676}, "byreal": {"name": "Byreal", "tvl": 13512154.35678211, "vol24h": 8022919.543192174, "vol7d": 74457816.04930523}}