{"raydium": {"name": "Raydium", "tvl": 1028740298, "vol24h": 206922952, "vol7d": 1257960995}, "meteora": {"name": "Meteora", "tvl": 450761336, "vol24h": 151870826, "vol7d": 1048088071}, "orca": {"name": "Orca", "tvl": 264044550, "vol24h": 259511773, "vol7d": 1765704991}, "pumpswap": {"name": "PumpSwap", "tvl": 177959711.35136, "vol24h": 426909640, "vol7d": 3828403355}, "byreal": {"name": "Byreal", "tvl": 14250066.878012763, "vol24h": 6981447.762594131, "vol7d": 83228453.51416512}}