{"raydium": {"name": "Raydium", "tvl": 1035160233, "vol24h": 169580783, "vol7d": 1316546243}, "meteora": {"name": "Meteora", "tvl": 450609632, "vol24h": 160023783, "vol7d": 1052409595}, "orca": {"name": "Orca", "tvl": 264282645, "vol24h": 263295805, "vol7d": 1905604979}, "pumpswap": {"name": "PumpSwap", "tvl": 179277591.7676, "vol24h": 441278002, "vol7d": 4351840791}, "byreal": {"name": "Byreal", "tvl": 14486277.384560494, "vol24h": 7250551.272763638, "vol7d": 131096115.96360311}}