{"raydium": {"name": "Raydium", "tvl": 965810063, "vol24h": 239426329, "vol7d": 2370927380}, "meteora": {"name": "Meteora", "tvl": 421301589, "vol24h": 132377932, "vol7d": 1068701884}, "orca": {"name": "Orca", "tvl": 254127888, "vol24h": 262466117, "vol7d": 1520645297}, "pumpswap": {"name": "PumpSwap", "tvl": 172427044.98827, "vol24h": 522631311, "vol7d": 2526744176}, "byreal": {"name": "Byreal", "tvl": 13785391.062955245, "vol24h": 11621902.359532863, "vol7d": 57592284.7033255}}