{"raydium": {"name": "Raydium", "tvl": 1059706061, "vol24h": 325415545, "vol7d": 1927120007}, "meteora": {"name": "Meteora", "tvl": 431103457, "vol24h": 228692178, "vol7d": 1279307615}, "orca": {"name": "Orca", "tvl": 265400478, "vol24h": 438169283, "vol7d": 2547189477}, "pumpswap": {"name": "PumpSwap", "tvl": 202543628.3259, "vol24h": 567651098, "vol7d": 2843660717}, "byreal": {"name": "Byreal", "tvl": 13417240.918213163, "vol24h": 7671330.590727858, "vol7d": 72582730.86413099}}