{"raydium": {"name": "Raydium", "tvl": 943436404, "vol24h": 237868178, "vol7d": 2338424003}, "meteora": {"name": "Meteora", "tvl": 425076875, "vol24h": 187229870, "vol7d": 1092994853}, "orca": {"name": "Orca", "tvl": 247531303, "vol24h": 297229238, "vol7d": 1517690953}, "pumpswap": {"name": "PumpSwap", "tvl": 167943213.21849, "vol24h": 522631311, "vol7d": 3234243806}, "byreal": {"name": "Byreal", "tvl": 13895433.345349578, "vol24h": 10211080.017050484, "vol7d": 54755715.75568641}}